{"stat.pickup.firstm.niggamachine":42,"stat.drop.firstm.niggamachine":92,"stat.flyOneCm":24167,"stat.walkOneCm":12168,"stat.drop":93,"stat.pickup.minecraft.wheat_seeds":1,"stat.jump":63,"stat.playOneMinute":5580,"stat.horseOneCm":62548,"stat.useItem.minecraft.item_frame":6,"stat.useItem.minecraft.flint_and_steel":29,"stat.leaveGame":1,"stat.sneakTime":827,"stat.crouchOneCm":1469,"stat.drop.minecraft.flint_and_steel":1,"stat.timeSinceDeath":5580,"stat.sprintOneCm":10328,"stat.useItem.minecraft.stone_slab2":16,"stat.talkedToVillager":1}